<?xml version="1.0" encoding="UTF-8"?>
<classpath>
	<classpathentry kind="src" path="src"/>
	<classpathentry kind="con" path="org.eclipse.jdt.launching.JRE_CONTAINER/org.eclipse.jdt.internal.debug.ui.launcher.StandardVMType/JavaSE-12">
		<attributes>
			<attribute name="module" value="true"/>
		</attributes>
	</classpathentry>
	<classpathentry kind="lib" path="C:/Java/Microsoft JDBC Driver 6.4 for SQL Server/sqljdbc_6.4/cht/mssql-jdbc-6.4.0.jre9.jar"/>
	<classpathentry kind="output" path="bin"/>
</classpath>
